A,C
Risks and strategies to implement anonymous storage of Google Cloud Messaging tokens?title,1
The Week in Ransomware - November 1st 2019 - A Mix of Good and Bad https://t.co/yANf3hx0cz,1
"_http://ha.ckers.org/xss.html_ - I lol'd, who calls a page of 100 kb text a _cheat sheet_?",1
The latest The ExpressBloemfontein Daily! https://t.co/Hi92tzJsAG #cybersecurity #security,1
See the chat. I have chatted with one of them who had username:password in the remote URL.,1
WhatsApp sues spyware maker for allegedly hacking phones worldwide https://t.co/6xqKwsXinT,1
Top Ad &amp;amp; Spyware Free BitTorrent Alternatives to uTorrent! https://t.co/G1olNaBuf8,1
"Wow, I did not even know water marking was a thing. Thank you, you have been very helpful.",1
"once it sets the origin to null, no more bounces because the following origin check fails.",1
Chrome extensions are filled with malware. Here's how to stay safe https://t.co/zKg8RkBW3x,1
"Proactive Cybersecurity for CISOs"" by @myappsecurity on @Peerlyst https://t.co/FoXhqvCsaC""",1
Anybody did the labs of https://www.virtualhackinglabs.com and can write a recommendation?,1
Your DDoS system was broke? No wonder you didn't pay; your DDoS system couldn't afford it!,1
"Phishing:PHP/Rabobank.A
 #cybersecurity #malware #viren #trojaner
 https://t.co/zadXZfiPG6",1
Have you tried running john on the output? John will tell you what hash type it is trying.,1
The Week in Ransomware - November 1st 2019 - A Mix of Good and Bad https://t.co/E3UbYDGY46,1
Just because there is no preflighting for GET requests doesn't mean that they are allowed.,1
"Okay, thanks I'll have a closer look at the code and may make some changes to my question.",1
https://t.co/8xJYHJnGC0 to dominate cybercrime in 2020 https://t.co/p1xZoLq4TE Dan Wiley 0,1
That ship sailed so long ago. Everything is RCE. XSS is RCE. Whatever the hell these days.,1
Why would such a program would be time consuming to write?  it is a single line of python.,1
Is Orbot android TOR client compromised (permissions to device ID and caller information)?,1
Stopping cybercrime with a warning @JohnnyHistone @nakedscientists https://t.co/eWekLpTTLF,1
"sadly, google reversing their decision on aiming for 'real identities' doesn't seem likely",1
@cyberprotectgrp thanks for the follow #cybersecurity #opportunity #education #inspiration,1
I was thinking more like the traffic goes through their router and everything is recorded.,1
I'm sorry but we are not virus tech support. Reformat and install from known good backups.,1
Can you tell me how to deliver an email to a local gmail account trough an ssh connection?,1
#IoT: a malware story: https://t.co/sxx51OhqVn via @Securelist #security #fintech #banking,1
Ransomware City – Population: Too Many - Disaster Recovery Journal https://t.co/f0H6OSLpSH,1
How/why can Cloud Access Security Brokers be superior to managing access controls locally?,1
I edited the question and title. I would like to keep information about the attack vector.,1
"Shell:PHP/Genericexec.A
 #cybersecurity #malware #viren #trojaner
 https://t.co/QvvwE7AeYf",1
The Week in Ransomware – November 1st 2019 – A Mix of Good and Bad https://t.co/l2ReWoxnZI,1
@MotherJones This comes as zero surprise to anyone who knows anything about cybersecurity.,1
Because whatsapp is a web service which is intercepted by the same proxy of your question.,1
How can an un-trusted device connected to the LAN network infect others operating systems?,1
Exposing the CA externally does not make any sense to me. I approve of the above comments.,1
Later versions of Chrome have this information in the security tab of the developer tools.,1
"Thanks,but this issue is only occurs on my laptop.Please see the comments on the question.",1
@allo: Switch to a FireFox derivative that still allows you to keep all the useful addons.,1
"27-08-2019 | socks 5 &amp; 4
 #cybersecurity #hacking #cybercrime
 https://t.co/Io9T9ONBH8",1
"My 3am playlist on the loop
Reading about XSS attacks and defense. yeah I’m bout that life",1
Discussion: http://stackoverflow.com/questions/1314518/sanitizing-users-data-in-get-by-php,1
"You didn't have data before in virtually real-time like you do now."" #cybersecurity #data""",1
"In that case, no - you actually have no way to be 100% sure that all data is wiped. Sorry.",1
Any idea about relative prevalence of simple bandwidth eating attacks versus higher level?,1
"Shell:PHP/Myshellexec.A
 #cybersecurity #malware #viren #trojaner
 https://t.co/XOxHsF7gdo",1
MalwareBytes Anti-Malware  Why We Love It #techlife #businesstech https://t.co/LniiRwGaYU,1
I notice all the security sites don't use elliptic curve. They favor RSA for key exchange.,1
I wonder if I bore you. I probably do.  is that why you lost interest in chatting with me?,0
@user234461 The question is unclear. OP needs to elaborate more. It is really that simple.,0
"Can you provide a screenshot of your camera settings, like picture size, resolution, etc.?",0
"I suggest we have an #unfollow #monday on twitter, a day to cleanup your twitter timeline ",0
"@mamarissa It's full of scams now, every other listing is a stupid scammer. It annoys me. ",0
"i'm back! but not staying long, tweet later!  have a  happy afternoon for GMT+8 people! xD",0
In some countries medical docs use 'Dr. med' and other doctors don't use their title much.,0
"@JewelStaite Twitter is the new (and vastly improved) myspace! Let it go. Oh, and cheers. ",0
"All due respect, but bullet 4 is easier said than done. You can't anticipate _everything_.",0
"So it's all clear now, and I learned a new English expression. Thanks for pointing it out.",0
"woo think i just finished my assignment, now i have to start the other two due next week. ",0
"So ""fastboot flash recovery twrp.img"" fails while unlocked? How did you get to this state?",0
@Bigstevegee I think I'ma let go of av8 too. They had problems with the site now its down ,0
"FYI, you need to check with states here in the US for legality of recording conversations.",0
"Mostly looking for more modern garage-surf stuff, but I would appreciate all suggestions! ",0
I was planning to have a lazy day but just realised I have 5 weeks of mail to get through ,0
@chelbel3 your seeing hey monday? me too!! i&quot;m going with one of my best guy friends ,0
@Gabriel What is obscure code? it's not somebody false if you can't understand their code.,0
Well it wasn't too heavy. It exisited and apparently it wasn't suppsosed to... Had to pay ,0
@douge you should send that to @SatScenes - it'll contrast well with all the sunny photos ,0
"<p>Is all particles moving and forever?<br>
Can the movement of particles be stoped ?</p>
",0
"&gt;&lt; I just realized hubby took the truck today, and I need it.  Geez, of all days....",0
@Alexandros Then the institution can just get a new one. There'll always be a replacement.,0
@ceedee75 Absolutely!!!!  I would have been sad if I didn't go. I'll post some pics soon. ,0
@THE_WOCKEEZ GOOD LUCK! GOOD LUCK! You'll be awesome!! So excited to see you next weekend ,0
The rain has gone away outside...but now there's rain inside   OMG today is already crazy!,0
"<p>Hint: $$1/(1 + x +(9/4) x^2) = 1 -(x + (9/4) x^2) + (x + (9/4) x^2)^2 + 
\ldots $$</p>
",0
You can try the one from Startssl: https://www.startssl.com/certs/sub.class1.client.ca.pem,0
I've spent an hour an ten minutes just staring at the screen.. ahh. this farm town sucks. ,0
Omg my ipod froze on the bus. Now I'm bored and I brought it to the club w me for nothing ,0
"Was supposed to hookup with someone, but his plane was late coming because of bad weather ",0
"@masao94 Bet on the Final, Get ï¿½25 cashback if your bet loses  http://tinyurl.com/qhoq8j",0
Hmm Which twitter application is faster? Tweetdeck or Twhirl? Just want to try new things ,0
The number of people who have taken PhDs both in the US and in the UK might be very small.,0
"@Trilarion Yes, but OP's supervisor has **told him** to publish their own research, so ...",0
@michalabanas hey michala!!.was watching McLeods Daughters yday..i missed Kate Manfredi.. ,0
@PettyshkaDM nooo  you're so lucky that you have Twitter in the phone. I'm jealous of you ,0
Great day in Telford Park (recommended for families with kids). I now have a t-shirt tan! ,0
@beeshyams DriveDroid uses your phone as a USB booting device. ZaapTV can't boot from USB.,0
@katie_love hope you feel better girl! Cant wait to hear about your trip!  Love and peace.,0
I'm in Boca. annnnddd I'll figure out twitter latteerr. I'm about to go shopping  yayyyyy.,0
@reginacassandra Awww Regina. (: thanks for caring. But it's nothing really. Don't worry. ,0
Can sum1 explain the difference between front end and back end coding? I don't understand ,0
@chrismillet @aprilsheninger Congrats! That's great news. I'm so happy for the two of you ,0
"I don't know if it really happens in real life or not, but I use to read that in... manga.",0
"@ddlovato holy crap im watching this too! dude , its so sad how people kill them  soo sad.",0
Thank you for point this application. I will try a solution in the android market website.,0
"@eykanal Since there seems to be no consensus on meta, can you please reopen the question?",0
Thank - I'm leaning particularly towards no-app solutions and Socrative looks good indeed.,0
@Alyssa_Milano Awesome. Sounds like a winner. Tweet from the set?? Cool idea! Can't wait. ,0
